{
    "id": "reorder_subtitle_streams_by_language",
    "name": "Re-order subtitle streams by language",
    "author": "Josh.5",
    "version": "0.0.2",
    "tags": "subtitle,ffmpeg,worker",
    "description": "Specify a language tag for Unmanic to try and put as 1st subtitle track.\n\nIn the plugin settings, specify a 'Search String'. The plugin will search the files to find matching subtitle tracks. The matching subtitle tracks will be moved to the 1st subtitle track position.\n\nExamples of search strings:\n  - 'en'\n  - 'fr'\n  - 'de'",
    "icon": ""
}
